Model_Key,Model_Display_Name,Accuracy,Precision,Recall,F1-Score
DT_Original,Decision Tree (Original),0.6988372093023256,0.6962905792554981,0.6988372093023256,0.6765550533258682
NB_Original,Naive Bayes (Original),0.7063953488372093,0.7036040875487177,0.7063953488372093,0.6873944731049642
DT_BoW,Decision Tree (BoW),0.8034883720930233,0.8038361291388396,0.8034883720930233,0.8036522309852666
NB_BoW,Naive Bayes (BoW),0.852906976744186,0.852039852199006,0.852906976744186,0.8517981945533467
DT_TFIDF,Decision Tree (TF-IDF),0.8093023255813954,0.8076828526744576,0.8093023255813954,0.807830481948476
NB_TFIDF,Naive Bayes (TF-IDF),0.8447674418604652,0.8468505356950723,0.8447674418604652,0.8411589384804354
DT_Word2Vec,Decision Tree (Word2Vec),0.6436046511627908,0.6500789455068073,0.6436046511627908,0.6460955579059083
NB_Word2Vec,Naive Bayes (Word2Vec),0.5383720930232558,0.622539331797897,0.5383720930232558,0.5306062728543349
